{
  "experiment": "e4",
  "macro_auroc": 0.822735076123385,
  "macro_auprc": 0.4297009104376633,
  "auroc_ci": [
    0.7975692874059471,
    0.847787018636401
  ],
  "auprc_ci": [
    0.39270085595540366,
    0.4877198300831052
  ],
  "supported_classes": [
    "No Finding",
    "Enlarged Cardiomediastinum",
    "Cardiomegaly",
    "Lung Opacity",
    "Lung Lesion",
    "Consolidation",
    "Pneumonia",
    "Pneumothorax",
    "Pleural Other",
    "Fracture",
    "Support Devices"
  ],
  "per_class_auroc": {
    "No Finding": 0.6784404080171798,
    "Enlarged Cardiomediastinum": 0.8808489304812834,
    "Cardiomegaly": 0.8537764177653215,
    "Lung Opacity": 0.6667106217445771,
    "Lung Lesion": 0.951417004048583,
    "Edema": 0.8838465073529411,
    "Consolidation": 0.8634535104364326,
    "Pneumonia": 0.8869319889152282,
    "Atelectasis": 0.9207875457875457,
    "Pneumothorax": 0.8709262435677531,
    "Pleural Effusion": 0.8443223443223443,
    "Pleural Other": 0.7634758364312267,
    "Fracture": 0.8062081128747796,
    "Support Devices": 0.8278967630748705
  },
  "per_class_auprc": {
    "No Finding": 0.2027368818375583,
    "Enlarged Cardiomediastinum": 0.5808123577951816,
    "Cardiomegaly": 0.5572318556687271,
    "Lung Opacity": 0.16545173087019846,
    "Lung Lesion": 0.44476924511243127,
    "Edema": 0.16510230514448346,
    "Consolidation": 0.2842376590585662,
    "Pneumonia": 0.6223320348932244,
    "Atelectasis": 0.22570242656449552,
    "Pneumothorax": 0.6203811205981278,
    "Pleural Effusion": 0.3789778289921412,
    "Pleural Other": 0.07176200590660628,
    "Fracture": 0.4849275433429289,
    "Support Devices": 0.6920675797307463
  }
}